{"cameraMode":{"drawMode":0,"name":"Shaded","section":"Shading Mode"},"sceneLighting":true,"audioPlay":false,"sceneViewState":{"showFog":true,"showMaterialUpdate":false,"showSkybox":true,"showFlares":true,"showImageEffects":true,"showParticleSystems":true},"in2DMode":false,"pivot":{"x":25.931848526000978,"y":6.675271034240723,"z":16.862648010253908},"rotation":{"x":0.12241095304489136,"y":0.4903114438056946,"z":-0.06967022269964218,"w":0.8601739406585693},"size":51.02597427368164,"orthographic":false}