{"cameraMode":{"drawMode":0,"name":"Shaded","section":"Shading Mode"},"sceneLighting":true,"audioPlay":false,"sceneViewState":{"showFog":true,"showMaterialUpdate":false,"showSkybox":true,"showFlares":true,"showImageEffects":true,"showParticleSystems":true},"in2DMode":false,"pivot":{"x":8.039396286010743,"y":-1.4310970306396485,"z":-13.002665519714356},"rotation":{"x":0.3257933259010315,"y":0.6656590700149536,"z":-0.40473511815071108,"w":0.5357896089553833},"size":27.25600242614746,"orthographic":false}