{"cameraMode":{"drawMode":0,"name":"Shaded","section":"Shading Mode"},"sceneLighting":true,"audioPlay":false,"sceneViewState":{"showFog":true,"showMaterialUpdate":false,"showSkybox":true,"showFlares":true,"showImageEffects":true,"showParticleSystems":true},"in2DMode":false,"pivot":{"x":13.655426979064942,"y":0.9400420784950256,"z":-7.627630233764648},"rotation":{"x":0.023880107328295709,"y":0.6835318803787231,"z":0.02232063189148903,"w":-0.7292720079421997},"size":22.0,"orthographic":false}