{"cameraMode":{"drawMode":0,"name":"Shaded","section":"Shading Mode"},"sceneLighting":false,"audioPlay":false,"sceneViewState":{"showFog":true,"showMaterialUpdate":false,"showSkybox":false,"showFlares":true,"showImageEffects":true,"showParticleSystems":true},"in2DMode":false,"pivot":{"x":-9.329999923706055,"y":1.1108930110931397,"z":2.5799999237060549},"rotation":{"x":-0.12370409071445465,"y":-0.6267324090003967,"z":0.10166329145431519,"w":-0.7626163959503174},"size":2.8578836917877199,"orthographic":false}