{"cameraMode":{"drawMode":0,"name":"Shaded","section":"Shading Mode"},"sceneLighting":true,"audioPlay":false,"sceneViewState":{"showFog":true,"showMaterialUpdate":false,"showSkybox":false,"showFlares":true,"showImageEffects":true,"showParticleSystems":true},"in2DMode":false,"pivot":{"x":-2.29223895072937,"y":10.497861862182618,"z":-11.325878143310547},"rotation":{"x":-0.018617529422044755,"y":-0.9636892080307007,"z":0.06980722397565842,"w":-0.2570929229259491},"size":5.521984577178955,"orthographic":false}