{"cameraMode":{"drawMode":0,"name":"Shaded","section":"Shading Mode"},"sceneLighting":true,"audioPlay":false,"sceneViewState":{"showFog":true,"showMaterialUpdate":false,"showSkybox":false,"showFlares":true,"showImageEffects":true,"showParticleSystems":true},"in2DMode":false,"pivot":{"x":17.793447494506837,"y":-0.06832818686962128,"z":0.2145223617553711},"rotation":{"x":-0.09006034582853317,"y":-0.5916697382926941,"z":0.06703944504261017,"w":-0.7984289526939392},"size":7.09135627746582,"orthographic":false}