{"cameraMode":{"drawMode":0,"name":"Shaded","section":"Shading Mode"},"sceneLighting":true,"audioPlay":false,"sceneViewState":{"showFog":true,"showMaterialUpdate":false,"showSkybox":false,"showFlares":true,"showImageEffects":true,"showParticleSystems":true},"in2DMode":false,"pivot":{"x":5.062873840332031,"y":-6.92943000793457,"z":15.421341896057129},"rotation":{"x":-0.1981608271598816,"y":-0.18185274302959443,"z":0.036632757633924487,"w":-0.9629126787185669},"size":14.639315605163575,"orthographic":false}