{"cameraMode":{"drawMode":0,"name":"Shaded","section":"Shading Mode"},"sceneLighting":true,"audioPlay":false,"sceneViewState":{"showFog":true,"showMaterialUpdate":false,"showSkybox":false,"showFlares":true,"showImageEffects":true,"showParticleSystems":true},"in2DMode":false,"pivot":{"x":1.2310479879379273,"y":1.090895652770996,"z":4.89637565612793},"rotation":{"x":0.23850026726722718,"y":0.08695358037948609,"z":-0.021477727219462396,"w":0.9670258164405823},"size":10.605833053588868,"orthographic":false}