{"cameraMode":{"drawMode":0,"name":"Shaded","section":"Shading Mode"},"sceneLighting":true,"audioPlay":false,"sceneViewState":{"showFog":true,"showMaterialUpdate":false,"showSkybox":false,"showFlares":true,"showImageEffects":true,"showParticleSystems":true},"in2DMode":false,"pivot":{"x":-5.852770805358887,"y":1.7783701419830323,"z":-15.379568099975586},"rotation":{"x":0.09476330131292343,"y":-0.6534233689308167,"z":0.07526053488254547,"w":0.7500191330909729},"size":1.557373285293579,"orthographic":false}