{"cameraMode":{"drawMode":0,"name":"Shaded","section":"Shading Mode"},"sceneLighting":true,"audioPlay":false,"sceneViewState":{"showFog":true,"showMaterialUpdate":false,"showSkybox":false,"showFlares":true,"showImageEffects":true,"showParticleSystems":true},"in2DMode":false,"pivot":{"x":-10.637571334838868,"y":-8.339999198913575,"z":0.1700000762939453},"rotation":{"x":-0.07305876910686493,"y":0.9264750480651856,"z":-0.276283860206604,"w":-0.24505089223384858},"size":33.938228607177737,"orthographic":false}