{"cameraMode":{"drawMode":0,"name":"Shaded","section":"Shading Mode"},"sceneLighting":false,"audioPlay":false,"sceneViewState":{"showFog":true,"showMaterialUpdate":false,"showSkybox":false,"showFlares":true,"showImageEffects":true,"showParticleSystems":true},"in2DMode":false,"pivot":{"x":-7.340174198150635,"y":26.84000015258789,"z":-6.635290145874023},"rotation":{"x":-0.05492444708943367,"y":-0.9451079368591309,"z":0.22559170424938203,"w":-0.23011936247348786},"size":0.7589043974876404,"orthographic":false}