{"cameraMode":{"drawMode":0,"name":"Shaded","section":"Shading Mode"},"sceneLighting":false,"audioPlay":false,"sceneViewState":{"showFog":true,"showMaterialUpdate":false,"showSkybox":false,"showFlares":true,"showImageEffects":true,"showParticleSystems":true},"in2DMode":false,"pivot":{"x":-0.37299975752830508,"y":-3.8479998111724855,"z":-0.6380001306533814},"rotation":{"x":-0.17811903357505799,"y":-0.2697736620903015,"z":0.05085726082324982,"w":-0.944959819316864},"size":0.6414065361022949,"orthographic":false}