{"cameraMode":{"drawMode":0,"name":"Shaded","section":"Shading Mode"},"sceneLighting":true,"audioPlay":false,"sceneViewState":{"showFog":true,"showMaterialUpdate":false,"showSkybox":false,"showFlares":true,"showImageEffects":true,"showParticleSystems":true},"in2DMode":false,"pivot":{"x":-10.637571334838868,"y":3.5800018310546877,"z":0.1700000762939453},"rotation":{"x":-0.021469900384545327,"y":0.9771147966384888,"z":-0.11960656195878983,"w":-0.1750374585390091},"size":149.57102966308595,"orthographic":false}