{"cameraMode":{"drawMode":0,"name":"Shaded","section":"Shading Mode"},"sceneLighting":true,"audioPlay":false,"sceneViewState":{"showFog":true,"showMaterialUpdate":false,"showSkybox":false,"showFlares":true,"showImageEffects":true,"showParticleSystems":true},"in2DMode":false,"pivot":{"x":53.4663200378418,"y":-18.087120056152345,"z":10.54825210571289},"rotation":{"x":0.1438441127538681,"y":0.6006624698638916,"z":-0.10961856693029404,"w":0.7790518403053284},"size":27.550487518310548,"orthographic":false}