{"cameraMode":{"drawMode":0,"name":"Shaded","section":"Shading Mode"},"sceneLighting":false,"audioPlay":false,"sceneViewState":{"showFog":true,"showMaterialUpdate":false,"showSkybox":false,"showFlares":true,"showImageEffects":true,"showParticleSystems":true},"in2DMode":false,"pivot":{"x":-17.55002212524414,"y":-0.8099998235702515,"z":-1.4900002479553223},"rotation":{"x":-0.2076505720615387,"y":0.15277624130249024,"z":-0.03286100551486015,"w":-0.9656686186790466},"size":3.622097969055176,"orthographic":false}