{"cameraMode":{"drawMode":0,"name":"Shaded","section":"Shading Mode"},"sceneLighting":true,"audioPlay":false,"sceneViewState":{"showFog":true,"showMaterialUpdate":false,"showSkybox":false,"showFlares":true,"showImageEffects":true,"showParticleSystems":true},"in2DMode":false,"pivot":{"x":-6.978538513183594,"y":5.511051654815674,"z":7.112274169921875},"rotation":{"x":0.2318156510591507,"y":-0.053959574550390246,"z":0.012879712507128716,"w":0.9711830019950867},"size":16.6387882232666,"orthographic":false}