{"cameraMode":{"drawMode":0,"name":"Shaded","section":"Shading Mode"},"sceneLighting":true,"audioPlay":false,"sceneViewState":{"showFog":true,"showMaterialUpdate":false,"showSkybox":false,"showFlares":true,"showImageEffects":true,"showParticleSystems":true},"in2DMode":false,"pivot":{"x":1.5470013618469239,"y":7.397446155548096,"z":1.8044252395629883},"rotation":{"x":0.23461619019508363,"y":0.2999473512172699,"z":-0.07639387249946594,"w":0.9215156435966492},"size":14.704554557800293,"orthographic":false}