{"cameraMode":{"drawMode":0,"name":"Shaded","section":"Shading Mode"},"sceneLighting":true,"audioPlay":false,"sceneViewState":{"showFog":true,"showMaterialUpdate":false,"showSkybox":false,"showFlares":true,"showImageEffects":true,"showParticleSystems":true},"in2DMode":false,"pivot":{"x":5.780791282653809,"y":3.7462878227233888,"z":3.1091508865356447},"rotation":{"x":0.020127616822719575,"y":0.2648957669734955,"z":-0.037031952291727069,"w":0.9658890962600708},"size":9.498916625976563,"orthographic":false}