{"cameraMode":{"drawMode":0,"name":"Shaded","section":"Shading Mode"},"sceneLighting":true,"audioPlay":false,"sceneViewState":{"showFog":true,"showMaterialUpdate":false,"showSkybox":false,"showFlares":true,"showImageEffects":true,"showParticleSystems":true},"in2DMode":false,"pivot":{"x":-5.941736221313477,"y":2.2608537673950197,"z":-7.810145854949951},"rotation":{"x":-0.15903934836387635,"y":0.2920430600643158,"z":-0.04085070267319679,"w":-0.944297730922699},"size":1.3476788997650147,"orthographic":false}