{"cameraMode":{"drawMode":0,"name":"Shaded","section":"Shading Mode"},"sceneLighting":true,"audioPlay":false,"sceneViewState":{"showFog":true,"showMaterialUpdate":false,"showSkybox":false,"showFlares":true,"showImageEffects":true,"showParticleSystems":true},"in2DMode":false,"pivot":{"x":4.066152572631836,"y":2.948169708251953,"z":-3.4088551998138429},"rotation":{"x":-0.04831266775727272,"y":-0.704480767250061,"z":0.0820923000574112,"w":-0.7067257761955261},"size":0.21547290682792664,"orthographic":false}