{"cameraMode":{"drawMode":0,"name":"Shaded","section":"Shading Mode"},"sceneLighting":true,"audioPlay":false,"sceneViewState":{"showFog":true,"showMaterialUpdate":false,"showSkybox":false,"showFlares":true,"showImageEffects":true,"showParticleSystems":true},"in2DMode":false,"pivot":{"x":-0.38198161125183108,"y":2.217595338821411,"z":-4.887371063232422},"rotation":{"x":0.061865728348493579,"y":0.8153219819068909,"z":-0.08511147648096085,"w":0.5707946419715881},"size":1.344463586807251,"orthographic":false}