{"cameraMode":{"drawMode":0,"name":"Shaded","section":"Shading Mode"},"sceneLighting":false,"audioPlay":false,"sceneViewState":{"showFog":true,"showMaterialUpdate":false,"showSkybox":false,"showFlares":true,"showImageEffects":true,"showParticleSystems":true},"in2DMode":false,"pivot":{"x":-0.09122965484857559,"y":1.021083116531372,"z":-2.199824333190918},"rotation":{"x":-0.013913578353822232,"y":0.9567773342132568,"z":-0.28688091039657595,"w":-0.04651729390025139},"size":1.3374812602996827,"orthographic":false}