{"cameraMode":{"drawMode":0,"name":"Shaded","section":"Shading Mode"},"sceneLighting":false,"audioPlay":false,"sceneViewState":{"showFog":true,"showMaterialUpdate":false,"showSkybox":false,"showFlares":true,"showImageEffects":true,"showParticleSystems":true},"in2DMode":false,"pivot":{"x":-9.944725036621094,"y":2.4755778312683107,"z":-9.980531692504883},"rotation":{"x":0.22539599239826203,"y":-0.6533862352371216,"z":0.21382617950439454,"w":0.6929684281349182},"size":1.327938199043274,"orthographic":false}