{"cameraMode":{"drawMode":0,"name":"Shaded","section":"Shading Mode"},"sceneLighting":true,"audioPlay":false,"sceneViewState":{"showFog":true,"showMaterialUpdate":false,"showSkybox":false,"showFlares":true,"showImageEffects":true,"showParticleSystems":true},"in2DMode":false,"pivot":{"x":-10.637571334838868,"y":3.5800018310546877,"z":0.1700000762939453},"rotation":{"x":0.014747940003871918,"y":-0.961277186870575,"z":0.052243784070014957,"w":0.27035173773765566},"size":16.555208206176759,"orthographic":false}