{"cameraMode":{"drawMode":0,"name":"Shaded","section":"Shading Mode"},"sceneLighting":true,"audioPlay":false,"sceneViewState":{"showFog":true,"showMaterialUpdate":false,"showSkybox":false,"showFlares":true,"showImageEffects":true,"showParticleSystems":true},"in2DMode":false,"pivot":{"x":10.062459945678711,"y":-15.866777420043946,"z":-15.050261497497559},"rotation":{"x":-0.041308388113975528,"y":-0.9421918988227844,"z":0.12686927616596223,"w":-0.3077120780944824},"size":10.0,"orthographic":false}