{"cameraMode":{"drawMode":0,"name":"Shaded","section":"Shading Mode"},"sceneLighting":true,"audioPlay":false,"sceneViewState":{"showFog":true,"showMaterialUpdate":false,"showSkybox":false,"showFlares":true,"showImageEffects":true,"showParticleSystems":true},"in2DMode":false,"pivot":{"x":18.415523529052736,"y":-3.757946014404297,"z":20.46650505065918},"rotation":{"x":0.23461619019508363,"y":0.2999473512172699,"z":-0.07639387249946594,"w":0.9215156435966492},"size":29.945398330688478,"orthographic":false}