{"cameraMode":{"drawMode":0,"name":"Shaded","section":"Shading Mode"},"sceneLighting":true,"audioPlay":false,"sceneViewState":{"showFog":true,"showMaterialUpdate":false,"showSkybox":false,"showFlares":true,"showImageEffects":true,"showParticleSystems":true},"in2DMode":false,"pivot":{"x":9.448610305786133,"y":-0.7850852012634277,"z":-7.427361965179443},"rotation":{"x":-0.1234707459807396,"y":-0.8764950633049011,"z":0.33293387293815615,"w":-0.3251529335975647},"size":4.879293441772461,"orthographic":false}