{"cameraMode":{"drawMode":0,"name":"Shaded","section":"Shading Mode"},"sceneLighting":true,"audioPlay":false,"sceneViewState":{"showFog":true,"showMaterialUpdate":false,"showSkybox":false,"showFlares":true,"showImageEffects":true,"showParticleSystems":true},"in2DMode":false,"pivot":{"x":-0.8920986652374268,"y":4.980086803436279,"z":11.675387382507325},"rotation":{"x":-0.026678040623664857,"y":-0.025803228840231897,"z":-0.0007219117833301425,"w":0.9993349313735962},"size":7.3820719718933109,"orthographic":false}