{"cameraMode":{"drawMode":0,"name":"Shaded","section":"Shading Mode"},"sceneLighting":true,"audioPlay":false,"sceneViewState":{"showFog":true,"showMaterialUpdate":false,"showSkybox":false,"showFlares":true,"showImageEffects":true,"showParticleSystems":true},"in2DMode":false,"pivot":{"x":-6.255087852478027,"y":8.625445365905762,"z":1.6131839752197266},"rotation":{"x":-0.13260911405086518,"y":-0.10857415944337845,"z":0.01461286935955286,"w":-0.9851006865501404},"size":48.30662536621094,"orthographic":false}