{"cameraMode":{"drawMode":0,"name":"Shaded","section":"Shading Mode"},"sceneLighting":true,"audioPlay":false,"sceneViewState":{"showFog":true,"showMaterialUpdate":false,"showSkybox":false,"showFlares":true,"showImageEffects":true,"showParticleSystems":true},"in2DMode":false,"pivot":{"x":0.8848452568054199,"y":0.36568117141723635,"z":5.992618560791016},"rotation":{"x":0.09227045625448227,"y":0.8345207571983337,"z":-0.14346323907375337,"w":0.524894118309021},"size":4.149709224700928,"orthographic":false}