{"cameraMode":{"drawMode":0,"name":"Shaded","section":"Shading Mode"},"sceneLighting":true,"audioPlay":false,"sceneViewState":{"showFog":true,"showMaterialUpdate":false,"showSkybox":false,"showFlares":true,"showImageEffects":true,"showParticleSystems":true},"in2DMode":false,"pivot":{"x":35.34880447387695,"y":-11.032819747924805,"z":8.093920707702637},"rotation":{"x":-0.1482483446598053,"y":-0.5953249335289002,"z":0.11116646975278855,"w":-0.7822310924530029},"size":16.618507385253908,"orthographic":false}