{"cameraMode":{"drawMode":0,"name":"Shaded","section":"Shading Mode"},"sceneLighting":false,"audioPlay":false,"sceneViewState":{"showFog":true,"showMaterialUpdate":false,"showSkybox":false,"showFlares":true,"showImageEffects":true,"showParticleSystems":true},"in2DMode":false,"pivot":{"x":9.321556091308594,"y":0.48032164573669436,"z":-1.0893399715423585},"rotation":{"x":0.16702060401439668,"y":0.718021810054779,"z":-0.17605330049991609,"w":0.6540194749832153},"size":5.822689056396484,"orthographic":false}