{"cameraMode":{"drawMode":0,"name":"Shaded","section":"Shading Mode"},"sceneLighting":false,"audioPlay":false,"sceneViewState":{"showFog":true,"showMaterialUpdate":false,"showSkybox":false,"showFlares":true,"showImageEffects":true,"showParticleSystems":true},"in2DMode":false,"pivot":{"x":32.180824279785159,"y":11.679044723510743,"z":0.10220175981521607},"rotation":{"x":-0.13053743541240693,"y":-0.7152374982833862,"z":0.13921038806438447,"w":-0.6724489331245422},"size":6.455534934997559,"orthographic":false}