{"cameraMode":{"drawMode":0,"name":"Shaded","section":"Shading Mode"},"sceneLighting":true,"audioPlay":false,"sceneViewState":{"showFog":true,"showMaterialUpdate":false,"showSkybox":false,"showFlares":true,"showImageEffects":true,"showParticleSystems":true},"in2DMode":false,"pivot":{"x":-7.089794635772705,"y":18.291221618652345,"z":-18.440105438232423},"rotation":{"x":-0.1830996870994568,"y":-0.6328279376029968,"z":0.15231850743293763,"w":-0.7375650405883789},"size":0.23705339431762696,"orthographic":false}