{"cameraMode":{"drawMode":0,"name":"Shaded","section":"Shading Mode"},"sceneLighting":true,"audioPlay":false,"sceneViewState":{"showFog":true,"showMaterialUpdate":false,"showSkybox":false,"showFlares":true,"showImageEffects":true,"showParticleSystems":true},"in2DMode":false,"pivot":{"x":4.001072406768799,"y":8.105883598327637,"z":4.893516540527344},"rotation":{"x":-0.12983424961566926,"y":-0.09530370682477951,"z":0.012535534799098969,"w":-0.9868705868721008},"size":5.685820579528809,"orthographic":false}