{"cameraMode":{"drawMode":0,"name":"Shaded","section":"Shading Mode"},"sceneLighting":true,"audioPlay":false,"sceneViewState":{"showFog":true,"showMaterialUpdate":false,"showSkybox":false,"showFlares":true,"showImageEffects":true,"showParticleSystems":true},"in2DMode":false,"pivot":{"x":-4.657096862792969,"y":-7.764355182647705,"z":10.181476593017579},"rotation":{"x":0.1393652707338333,"y":-0.011672182008624077,"z":0.0015228890115395189,"w":0.9903035759925842},"size":37.58732223510742,"orthographic":false}