{"cameraMode":{"drawMode":0,"name":"Shaded","section":"Shading Mode"},"sceneLighting":false,"audioPlay":false,"sceneViewState":{"showFog":true,"showMaterialUpdate":false,"showSkybox":false,"showFlares":true,"showImageEffects":true,"showParticleSystems":true},"in2DMode":false,"pivot":{"x":-0.1789926141500473,"y":-10.871000289916993,"z":0.5951526761054993},"rotation":{"x":-0.07880695909261704,"y":0.9168351888656616,"z":-0.2261272817850113,"w":-0.3195701241493225},"size":0.21520207822322846,"orthographic":false}