{"cameraMode":{"drawMode":0,"name":"Shaded","section":"Shading Mode"},"sceneLighting":false,"audioPlay":false,"sceneViewState":{"showFog":true,"showMaterialUpdate":false,"showSkybox":false,"showFlares":true,"showImageEffects":true,"showParticleSystems":true},"in2DMode":false,"pivot":{"x":6.634280204772949,"y":-0.9057230949401856,"z":-24.220962524414064},"rotation":{"x":-0.012577441520988942,"y":-0.9754024147987366,"z":0.1522756665945053,"w":-0.17254363000392915},"size":7.459446430206299,"orthographic":false}