{"cameraMode":{"drawMode":0,"name":"Shaded","section":"Shading Mode"},"sceneLighting":true,"audioPlay":false,"sceneViewState":{"showFog":true,"showMaterialUpdate":false,"showSkybox":false,"showFlares":true,"showImageEffects":true,"showParticleSystems":true},"in2DMode":false,"pivot":{"x":-8.852916717529297,"y":2.9497790336608888,"z":-10.215510368347168},"rotation":{"x":0.02725033275783062,"y":-0.8831238150596619,"z":0.05552595108747482,"w":0.4668039083480835},"size":0.950290858745575,"orthographic":false}