{"cameraMode":{"drawMode":0,"name":"Shaded","section":"Shading Mode"},"sceneLighting":true,"audioPlay":false,"sceneViewState":{"showFog":true,"showMaterialUpdate":false,"showSkybox":false,"showFlares":true,"showImageEffects":true,"showParticleSystems":true},"in2DMode":false,"pivot":{"x":-0.42840003967285159,"y":4.090160369873047,"z":0.1798725128173828},"rotation":{"x":0.23850026726722718,"y":0.08695358037948609,"z":-0.021477727219462396,"w":0.9670258164405823},"size":11.455968856811524,"orthographic":false}