{"cameraMode":{"drawMode":0,"name":"Shaded","section":"Shading Mode"},"sceneLighting":true,"audioPlay":false,"sceneViewState":{"showFog":true,"showMaterialUpdate":false,"showSkybox":false,"showFlares":true,"showImageEffects":true,"showParticleSystems":true},"in2DMode":false,"pivot":{"x":-6.551272869110107,"y":3.2052879333496095,"z":12.809440612792969},"rotation":{"x":0.00904664397239685,"y":-0.12141808122396469,"z":0.007477632258087397,"w":-0.9945240616798401},"size":1.6523211002349854,"orthographic":false}