{"cameraMode":{"drawMode":0,"name":"Shaded","section":"Shading Mode"},"sceneLighting":false,"audioPlay":false,"sceneViewState":{"showFog":true,"showMaterialUpdate":false,"showSkybox":false,"showFlares":true,"showImageEffects":true,"showParticleSystems":true},"in2DMode":false,"pivot":{"x":-7.0453104972839359,"y":12.642271995544434,"z":31.94368553161621},"rotation":{"x":-0.024085989221930505,"y":-0.03203809633851051,"z":0.00905755814164877,"w":-1.0008469820022584},"size":14.923482894897461,"orthographic":false}