{"cameraMode":{"drawMode":0,"name":"Shaded","section":"Shading Mode"},"sceneLighting":true,"audioPlay":false,"sceneViewState":{"showFog":true,"showMaterialUpdate":false,"showSkybox":false,"showFlares":true,"showImageEffects":true,"showParticleSystems":true},"in2DMode":false,"pivot":{"x":0.41699543595314028,"y":-9.770271301269532,"z":-0.7599527835845947},"rotation":{"x":-0.05483236908912659,"y":0.930822491645813,"z":-0.15672717988491059,"w":-0.3256811201572418},"size":2.1859259605407717,"orthographic":false}