{"cameraMode":{"drawMode":0,"name":"Shaded","section":"Shading Mode"},"sceneLighting":true,"audioPlay":false,"sceneViewState":{"showFog":true,"showMaterialUpdate":false,"showSkybox":false,"showFlares":true,"showImageEffects":true,"showParticleSystems":true},"in2DMode":false,"pivot":{"x":7.1626458168029789,"y":6.838903427124023,"z":-1.8096046447753907},"rotation":{"x":-0.28719088435173037,"y":0.1886386126279831,"z":-0.05779719352722168,"w":-0.9373348355293274},"size":21.31275177001953,"orthographic":false}