{"cameraMode":{"drawMode":0,"name":"Shaded","section":"Shading Mode"},"sceneLighting":true,"audioPlay":false,"sceneViewState":{"showFog":true,"showMaterialUpdate":false,"showSkybox":false,"showFlares":true,"showImageEffects":true,"showParticleSystems":true},"in2DMode":false,"pivot":{"x":-17.55002212524414,"y":-24.35042381286621,"z":-1.4876067638397217},"rotation":{"x":0.21965517103672028,"y":-0.7047705054283142,"z":0.2463405877351761,"w":0.6281891465187073},"size":11.925186157226563,"orthographic":false}