{"cameraMode":{"drawMode":0,"name":"Shaded","section":"Shading Mode"},"sceneLighting":true,"audioPlay":false,"sceneViewState":{"showFog":true,"showMaterialUpdate":false,"showSkybox":false,"showFlares":true,"showImageEffects":true,"showParticleSystems":true},"in2DMode":false,"pivot":{"x":17.829072952270509,"y":0.9778357148170471,"z":0.7776952981948853},"rotation":{"x":-0.029764162376523019,"y":-0.6346936821937561,"z":0.05472318083047867,"w":-0.7733872532844544},"size":7.275672435760498,"orthographic":false}