{"cameraMode":{"drawMode":0,"name":"Shaded","section":"Shading Mode"},"sceneLighting":true,"audioPlay":false,"sceneViewState":{"showFog":true,"showMaterialUpdate":false,"showSkybox":false,"showFlares":true,"showImageEffects":true,"showParticleSystems":true},"in2DMode":false,"pivot":{"x":-8.48697280883789,"y":10.143695831298829,"z":-6.156772613525391},"rotation":{"x":0.005528110079467297,"y":0.9855743050575256,"z":-0.16594520211219788,"w":0.032832540571689609},"size":16.6387882232666,"orthographic":false}