{"cameraMode":{"drawMode":0,"name":"Shaded","section":"Shading Mode"},"sceneLighting":true,"audioPlay":false,"sceneViewState":{"showFog":true,"showMaterialUpdate":false,"showSkybox":false,"showFlares":true,"showImageEffects":true,"showParticleSystems":true},"in2DMode":false,"pivot":{"x":-2.1599502563476564,"y":2.5366954803466799,"z":3.5109167098999025},"rotation":{"x":-0.06676414608955383,"y":-0.20571158826351167,"z":0.011958164162933827,"w":-0.976759135723114},"size":1.7540552616119385,"orthographic":false}