{"cameraMode":{"drawMode":0,"name":"Shaded","section":"Shading Mode"},"sceneLighting":true,"audioPlay":false,"sceneViewState":{"showFog":true,"showMaterialUpdate":false,"showSkybox":false,"showFlares":true,"showImageEffects":true,"showParticleSystems":true},"in2DMode":false,"pivot":{"x":657.5259399414063,"y":-357.45281982421877,"z":-121.69621276855469},"rotation":{"x":0.15751858055591584,"y":0.7443071603775024,"z":-0.18623536825180055,"w":0.6222573518753052},"size":380.9128723144531,"orthographic":false}