{"cameraMode":{"drawMode":0,"name":"Shaded","section":"Shading Mode"},"sceneLighting":true,"audioPlay":false,"sceneViewState":{"showFog":true,"showMaterialUpdate":false,"showSkybox":false,"showFlares":true,"showImageEffects":true,"showParticleSystems":true},"in2DMode":false,"pivot":{"x":24.8549861907959,"y":-6.216785907745361,"z":-1.8199468851089478},"rotation":{"x":-0.10319288074970246,"y":-0.7150739431381226,"z":0.1660797894001007,"w":-0.6749131679534912},"size":11.411661148071289,"orthographic":false}