{"cameraMode":{"drawMode":0,"name":"Shaded","section":"Shading Mode"},"sceneLighting":true,"audioPlay":false,"sceneViewState":{"showFog":true,"showMaterialUpdate":false,"showSkybox":false,"showFlares":true,"showImageEffects":true,"showParticleSystems":true},"in2DMode":false,"pivot":{"x":-9.561715126037598,"y":2.1867668628692629,"z":-10.226590156555176},"rotation":{"x":0.08422350138425827,"y":-0.744056761264801,"z":0.0952819213271141,"w":0.656086802482605},"size":0.5253303050994873,"orthographic":false}